{"resourceId":53,"properties":{"process_id":"InvokeThisProcess","name":"InvokeThisProcess","documentation":"","process_author":"","process_version":"","process_namespace":"http://www.activiti.org/processdef","executionlisteners":"{\"executionListeners\":[]}","eventlisteners":"{\"eventListeners\":[]}","signaldefinitions":"[]","messagedefinitions":"[]","executionvariables":"[{\"variableName\":\"decision\",\"variableType\":\"string\",\"persist\":null},{\"variableName\":\"caseId\",\"variableType\":\"string\",\"persist\":null}]","metadata":"","nonpersistenceformfields":"","deleteallvariables":"false"},"stencil":{"id":"BPMNDiagram"},"childShapes":[{"resourceId":"startEvent1","properties":{"overrideid":"startEvent1","name":"Submit File","documentation":"","executionlisteners":{"executionListeners":[]},"initiator":"","formkeydefinition":"","formreference":{"id":51,"name":"Submit","referenceId":null},"fieldstovariables":"","formproperties":"","asynchronousdefinition":false,"exclusivedefinition":false},"stencil":{"id":"StartNoneEvent"},"childShapes":[],"outgoing":[{"resourceId":"sid-E7FDE76C-A4F1-46B7-B047-0F562CC006C1"}],"bounds":{"lowerRight":{"x":105,"y":190.0837419355},"upperLeft":{"x":75,"y":160.0837419355}},"dockers":[]},{"resourceId":"sid-1B4207B3-F510-4914-9B24-AB81E85BD10B","properties":{"overrideid":"sid-1B4207B3-F510-4914-9B24-AB81E85BD10B","name":"Review","documentation":"","asynchronousdefinition":false,"exclusivedefinition":false,"executionlisteners":{"executionListeners":[]},"multiinstance_type":"None","multiinstance_cardinality":"","multiinstance_collection":"","multiinstance_variable":"","multiinstance_condition":"","isforcompensation":false,"usertasksendemail":true,"usertaskassignment":{"assignment":{"type":"idm","idm":{"type":"initiator"},"initiatorCanCompleteTask":false,"deactivateUserTaskReassignment":false}},"formkeydefinition":"","formreference":{"id":52,"name":"Decision","referenceId":null},"fieldstovariables":"","duedatedefinition":"","prioritydefinition":"","categorydefinition":"","formproperties":"","tasklisteners":{"taskListeners":[]},"emailtemplate":""},"stencil":{"id":"UserTask"},"childShapes":[],"outgoing":[{"resourceId":"sid-249C9150-C553-4E07-B2A2-8D629E6C3E47"}],"bounds":{"lowerRight":{"x":430,"y":215},"upperLeft":{"x":330,"y":135}},"dockers":[]},{"resourceId":"sid-B2018B8E-DC00-452E-9A16-E10107570671","properties":{"overrideid":"sid-B2018B8E-DC00-452E-9A16-E10107570671","name":"","documentation":"","asynchronousdefinition":false,"exclusivedefinition":false,"sequencefloworder":{"sequenceFlowOrder":["sid-06A50656-799A-435F-A4AA-0105B9ED55E3","sid-E30B8528-60AC-4E7C-A94F-BDB315D5044E"]},"executionlisteners":{"executionListeners":[]}},"stencil":{"id":"ExclusiveGateway"},"childShapes":[],"outgoing":[{"resourceId":"sid-06A50656-799A-435F-A4AA-0105B9ED55E3"},{"resourceId":"sid-E30B8528-60AC-4E7C-A94F-BDB315D5044E"}],"bounds":{"lowerRight":{"x":510,"y":195.0837419355},"upperLeft":{"x":470,"y":155.0837419355}},"dockers":[]},{"resourceId":"sid-249C9150-C553-4E07-B2A2-8D629E6C3E47","properties":{"overrideid":"sid-249C9150-C553-4E07-B2A2-8D629E6C3E47","name":"","documentation":"","conditionsequenceflow":"","executionlisteners":{"executionListeners":[]},"defaultflow":"false"},"stencil":{"id":"SequenceFlow"},"childShapes":[],"outgoing":[{"resourceId":"sid-B2018B8E-DC00-452E-9A16-E10107570671"}],"bounds":{"lowerRight":{"x":470.0937502897813,"y":175.06858750023383},"upperLeft":{"x":430.8437497102187,"y":175.03870685462556}},"dockers":[{"x":50,"y":40},{"x":20,"y":20}],"target":{"resourceId":"sid-B2018B8E-DC00-452E-9A16-E10107570671"}},{"resourceId":"sid-E5871A6C-822B-442B-AF76-A7E45FA4147E","properties":{"overrideid":"sid-E5871A6C-822B-442B-AF76-A7E45FA4147E","name":"End Rejected","documentation":"","executionlisteners":{"executionListeners":[]},"asynchronousdefinition":false,"exclusivedefinition":false},"stencil":{"id":"EndNoneEvent"},"childShapes":[],"outgoing":[],"bounds":{"lowerRight":{"x":504,"y":280.08374193550003},"upperLeft":{"x":476,"y":252.0837419355}},"dockers":[]},{"resourceId":"sid-6B71090A-EA80-4158-9389-A7D69283657F","properties":{"overrideid":"sid-6B71090A-EA80-4158-9389-A7D69283657F","name":"End Approved","documentation":"","executionlisteners":{"executionListeners":[]},"asynchronousdefinition":false,"exclusivedefinition":false},"stencil":{"id":"EndNoneEvent"},"childShapes":[],"outgoing":[],"bounds":{"lowerRight":{"x":958,"y":189.0837419355},"upperLeft":{"x":930,"y":161.0837419355}},"dockers":[]},{"resourceId":"sid-06A50656-799A-435F-A4AA-0105B9ED55E3","properties":{"overrideid":"sid-06A50656-799A-435F-A4AA-0105B9ED55E3","name":"","documentation":"","conditionsequenceflow":"","executionlisteners":{"executionListeners":[]},"defaultflow":true},"stencil":{"id":"SequenceFlow"},"childShapes":[],"outgoing":[{"resourceId":"sid-E5871A6C-822B-442B-AF76-A7E45FA4147E"}],"bounds":{"lowerRight":{"x":490,"y":251.57592943550003},"upperLeft":{"x":490,"y":195.27905443550003}},"dockers":[{"x":20,"y":20},{"x":14,"y":14.000000000000014}],"target":{"resourceId":"sid-E5871A6C-822B-442B-AF76-A7E45FA4147E"}},{"resourceId":"sid-D50A8C4C-641A-4974-9B03-375DC0192D7A","properties":{"overrideid":"sid-D50A8C4C-641A-4974-9B03-375DC0192D7A","name":"Upload to Alfresco","documentation":"","alfresco_cloud_content":{"source":"process","documentType":"cmis:document","documentAspects":[{"aspectName":"cm:titled"}]},"alfresco_cloud_destination":{"account":"alfresco-1-alfresco-1","site":"sherry-demo","user":"2","publish_as_type":"user","path":"4e003483-ed3b-46cc-8822-410b720c550d","folder":"caseId","path_title":"documentLibrary > TestReview","site_title":"Sherry-Demo","username":"Demo User","publish-task-type":"alfresco","email":"demo@example.com","externalId":"demo"},"executionlisteners":{"executionListeners":[]},"isforcompensation":false,"asynchronousdefinition":true,"exclusivedefinition":true},"stencil":{"id":"PublishToAlfrescoCloudTask"},"childShapes":[],"outgoing":[{"resourceId":"sid-90952050-32C9-4031-AA91-921F56463341"}],"bounds":{"lowerRight":{"x":745.2421935479999,"y":215.167483871},"upperLeft":{"x":645,"y":135}},"dockers":[]},{"resourceId":"sid-90952050-32C9-4031-AA91-921F56463341","properties":{"overrideid":"sid-90952050-32C9-4031-AA91-921F56463341","name":"","documentation":"","conditionsequenceflow":"","executionlisteners":{"executionListeners":[]},"defaultflow":"false"},"stencil":{"id":"SequenceFlow"},"childShapes":[],"outgoing":[{"resourceId":"sid-6B71090A-EA80-4158-9389-A7D69283657F"}],"bounds":{"lowerRight":{"x":929.3894349798281,"y":175.0837419355},"upperLeft":{"x":745.7024407760546,"y":175.0837419355}},"dockers":[{"x":50.121096773999966,"y":40.0837419355},{"x":14,"y":14}],"target":{"resourceId":"sid-6B71090A-EA80-4158-9389-A7D69283657F"}},{"resourceId":"sid-E7FDE76C-A4F1-46B7-B047-0F562CC006C1","properties":{"overrideid":"sid-E7FDE76C-A4F1-46B7-B047-0F562CC006C1","name":"","documentation":"","conditionsequenceflow":"","executionlisteners":{"executionListeners":[]},"defaultflow":"false"},"stencil":{"id":"SequenceFlow"},"childShapes":[],"outgoing":[{"resourceId":"sid-7FBB8A89-774E-4B8A-836E-94C10800A6BD"}],"bounds":{"lowerRight":{"x":164.1953127244067,"y":175.07325849209994},"upperLeft":{"x":105.6484372755933,"y":175.03403586275945}},"dockers":[{"x":15,"y":15},{"x":50,"y":40}],"target":{"resourceId":"sid-7FBB8A89-774E-4B8A-836E-94C10800A6BD"}},{"resourceId":"sid-CAB8FABC-B702-4ECA-A243-44CC4316208C","properties":{"overrideid":"sid-CAB8FABC-B702-4ECA-A243-44CC4316208C","name":"","documentation":"","conditionsequenceflow":"","executionlisteners":{"executionListeners":[]},"defaultflow":"false"},"stencil":{"id":"SequenceFlow"},"childShapes":[],"outgoing":[{"resourceId":"sid-1B4207B3-F510-4914-9B24-AB81E85BD10B"}],"bounds":{"lowerRight":{"x":329.37109375,"y":175},"upperLeft":{"x":265.62890625,"y":175}},"dockers":[{"x":50,"y":40},{"x":50,"y":40}],"target":{"resourceId":"sid-1B4207B3-F510-4914-9B24-AB81E85BD10B"}},{"resourceId":"sid-7FBB8A89-774E-4B8A-836E-94C10800A6BD","properties":{"scriptformat":"groovy","scripttext":"def caseId = \"CASE-\"+execution.getProcessInstanceId()\rexecution.setVariable(\"caseId\", caseId);","executionvariables":"","overrideid":"sid-7FBB8A89-774E-4B8A-836E-94C10800A6BD","name":"Initialize Variables","documentation":"","asynchronousdefinition":true,"exclusivedefinition":false,"executionlisteners":{"executionListeners":[]},"multiinstance_type":"None","multiinstance_cardinality":"","multiinstance_collection":"","multiinstance_variable":"","multiinstance_condition":"","isforcompensation":false},"stencil":{"id":"ScriptTask"},"childShapes":[],"outgoing":[{"resourceId":"sid-CAB8FABC-B702-4ECA-A243-44CC4316208C"}],"bounds":{"lowerRight":{"x":265,"y":215},"upperLeft":{"x":165,"y":135}},"dockers":[]},{"resourceId":"sid-E30B8528-60AC-4E7C-A94F-BDB315D5044E","properties":{"overrideid":"sid-E30B8528-60AC-4E7C-A94F-BDB315D5044E","name":"","documentation":"","conditionsequenceflow":{"expression":{"index":"0","outcomeFormId":"52","outcomeFormName":"Decision","rightOutcomeName":"Approved","operator":"==","type":"variables"}},"executionlisteners":{"executionListeners":[]},"defaultflow":"false"},"stencil":{"id":"SequenceFlow"},"childShapes":[],"outgoing":[{"resourceId":"sid-D50A8C4C-641A-4974-9B03-375DC0192D7A"}],"bounds":{"lowerRight":{"x":644.4433311490468,"y":175.0837419355},"upperLeft":{"x":510.23010282256246,"y":175.0837419355}},"dockers":[{"x":20,"y":20},{"x":50.121096773999966,"y":40.0837419355}],"target":{"resourceId":"sid-D50A8C4C-641A-4974-9B03-375DC0192D7A"}}],"bounds":{"lowerRight":{"x":1200,"y":1050},"upperLeft":{"x":0,"y":0}},"stencilset":{"url":"stencilsets/bpmn2.0/bpmn2.0.json","namespace":"http://b3mn.org/stencilset/bpmn2.0#"},"ssextensions":[]}