{"bounds":{"lowerRight":{"x":1485.0,"y":700.0},"upperLeft":{"x":0.0,"y":0.0}},"resourceId":"canvas","stencil":{"id":"BPMNDiagram"},"stencilset":{"namespace":"http://b3mn.org/stencilset/bpmn2.0#","url":"../editor/stencilsets/bpmn2.0/bpmn2.0.json"},"properties":{"process_id":"InvokeThisProcess","name":"InvokeThisProcess","executionlisteners":{"executionListeners":[]},"eventlisteners":{"eventListeners":[]},"signaldefinitions":[],"messagedefinitions":[],"executionvariables":[{"variableName":"decision","variableType":"string"},{"variableName":"caseId","variableType":"string"}],"process_namespace":"http://www.activiti.org/processdef","original_model_id":20,"original_model_version":12},"childShapes":[{"bounds":{"lowerRight":{"x":105.0,"y":190.0837419355},"upperLeft":{"x":75.0,"y":160.0837419355}},"resourceId":"startEvent1","childShapes":[],"stencil":{"id":"StartNoneEvent"},"properties":{"overrideid":"startEvent1","name":"Submit File","formreference":{"id":19,"name":"Submit"},"executionlisteners":{"executionListeners":[]},"asynchronousdefinition":false,"exclusivedefinition":false},"outgoing":[{"resourceId":"sid-E7FDE76C-A4F1-46B7-B047-0F562CC006C1"}]},{"bounds":{"lowerRight":{"x":430.0,"y":215.0},"upperLeft":{"x":330.0,"y":135.0}},"resourceId":"sid-1B4207B3-F510-4914-9B24-AB81E85BD10B","childShapes":[],"stencil":{"id":"UserTask"},"properties":{"overrideid":"sid-1B4207B3-F510-4914-9B24-AB81E85BD10B","name":"Review","usertasksendemail":true,"usertaskassignment":{"assignment":{"type":"idm","idm":{"type":"initiator"},"initiatorCanCompleteTask":false}},"formreference":{"id":18,"name":"Decision"},"executionlisteners":{"executionListeners":[]},"isforcompensation":false,"asynchronousdefinition":false,"exclusivedefinition":false,"tasklisteners":{"taskListeners":[]}},"outgoing":[{"resourceId":"sid-249C9150-C553-4E07-B2A2-8D629E6C3E47"}]},{"bounds":{"lowerRight":{"x":510.0,"y":195.0837419355},"upperLeft":{"x":470.0,"y":155.0837419355}},"resourceId":"sid-B2018B8E-DC00-452E-9A16-E10107570671","childShapes":[],"stencil":{"id":"ExclusiveGateway"},"properties":{"overrideid":"sid-B2018B8E-DC00-452E-9A16-E10107570671","executionlisteners":{"executionListeners":[]},"asynchronousdefinition":false,"exclusivedefinition":false},"outgoing":[{"resourceId":"sid-06A50656-799A-435F-A4AA-0105B9ED55E3"},{"resourceId":"sid-E30B8528-60AC-4E7C-A94F-BDB315D5044E"}]},{"bounds":{"lowerRight":{"x":172.0,"y":212.0},"upperLeft":{"x":128.0,"y":212.0}},"resourceId":"sid-249C9150-C553-4E07-B2A2-8D629E6C3E47","childShapes":[],"stencil":{"id":"SequenceFlow"},"dockers":[{"x":50.0,"y":40.0},{"x":20.0,"y":20.0}],"outgoing":[{"resourceId":"sid-B2018B8E-DC00-452E-9A16-E10107570671"}],"target":{"resourceId":"sid-B2018B8E-DC00-452E-9A16-E10107570671"},"properties":{"overrideid":"sid-249C9150-C553-4E07-B2A2-8D629E6C3E47","executionlisteners":{"executionListeners":[]}}},{"bounds":{"lowerRight":{"x":504.0,"y":280.08374193550003},"upperLeft":{"x":476.0,"y":252.0837419355}},"resourceId":"sid-E5871A6C-822B-442B-AF76-A7E45FA4147E","childShapes":[],"stencil":{"id":"EndNoneEvent"},"properties":{"overrideid":"sid-E5871A6C-822B-442B-AF76-A7E45FA4147E","name":"End Rejected","executionlisteners":{"executionListeners":[]},"asynchronousdefinition":false,"exclusivedefinition":false},"outgoing":[]},{"bounds":{"lowerRight":{"x":958.0,"y":189.0837419355},"upperLeft":{"x":930.0,"y":161.0837419355}},"resourceId":"sid-6B71090A-EA80-4158-9389-A7D69283657F","childShapes":[],"stencil":{"id":"EndNoneEvent"},"properties":{"overrideid":"sid-6B71090A-EA80-4158-9389-A7D69283657F","name":"End Approved","executionlisteners":{"executionListeners":[]},"asynchronousdefinition":false,"exclusivedefinition":false},"outgoing":[]},{"bounds":{"lowerRight":{"x":172.0,"y":212.0},"upperLeft":{"x":128.0,"y":212.0}},"resourceId":"sid-06A50656-799A-435F-A4AA-0105B9ED55E3","childShapes":[],"stencil":{"id":"SequenceFlow"},"dockers":[{"x":20.0,"y":20.0},{"x":14.0,"y":14.000000000000014}],"outgoing":[{"resourceId":"sid-E5871A6C-822B-442B-AF76-A7E45FA4147E"}],"target":{"resourceId":"sid-E5871A6C-822B-442B-AF76-A7E45FA4147E"},"properties":{"overrideid":"sid-06A50656-799A-435F-A4AA-0105B9ED55E3","executionlisteners":{"executionListeners":[]},"defaultflow":true}},{"bounds":{"lowerRight":{"x":745.2421935479999,"y":215.167483871},"upperLeft":{"x":645.0,"y":135.0}},"resourceId":"sid-D50A8C4C-641A-4974-9B03-375DC0192D7A","childShapes":[],"stencil":{"id":"PublishToAlfrescoCloudTask"},"properties":{"overrideid":"sid-D50A8C4C-641A-4974-9B03-375DC0192D7A","name":"Upload to Alfresco","alfresco_cloud_destination":{"account":"alfresco-1-alfresco-1","site":"sherry-demo","user":"2","publish_as_type":"user","path":"4e003483-ed3b-46cc-8822-410b720c550d","folder":"caseId","path_title":"documentLibrary > TestReview","site_title":"Sherry-Demo","username":"Demo User","publish-task-type":"alfresco","email":"demo@example.com","externalId":"demo"},"alfresco_cloud_content":{"source":"process","documentType":"cmis:document","documentAspects":[{"aspectName":"cm:titled"}]},"executionlisteners":{"executionListeners":[]},"isforcompensation":false,"asynchronousdefinition":true,"exclusivedefinition":true},"outgoing":[{"resourceId":"sid-90952050-32C9-4031-AA91-921F56463341"}]},{"bounds":{"lowerRight":{"x":172.0,"y":212.0},"upperLeft":{"x":128.0,"y":212.0}},"resourceId":"sid-90952050-32C9-4031-AA91-921F56463341","childShapes":[],"stencil":{"id":"SequenceFlow"},"dockers":[{"x":50.121096773999966,"y":40.0837419355},{"x":14.0,"y":14.0}],"outgoing":[{"resourceId":"sid-6B71090A-EA80-4158-9389-A7D69283657F"}],"target":{"resourceId":"sid-6B71090A-EA80-4158-9389-A7D69283657F"},"properties":{"overrideid":"sid-90952050-32C9-4031-AA91-921F56463341","executionlisteners":{"executionListeners":[]}}},{"bounds":{"lowerRight":{"x":172.0,"y":212.0},"upperLeft":{"x":128.0,"y":212.0}},"resourceId":"sid-E7FDE76C-A4F1-46B7-B047-0F562CC006C1","childShapes":[],"stencil":{"id":"SequenceFlow"},"dockers":[{"x":15.0,"y":15.0},{"x":50.0,"y":40.0}],"outgoing":[{"resourceId":"sid-7FBB8A89-774E-4B8A-836E-94C10800A6BD"}],"target":{"resourceId":"sid-7FBB8A89-774E-4B8A-836E-94C10800A6BD"},"properties":{"overrideid":"sid-E7FDE76C-A4F1-46B7-B047-0F562CC006C1","executionlisteners":{"executionListeners":[]}}},{"bounds":{"lowerRight":{"x":172.0,"y":212.0},"upperLeft":{"x":128.0,"y":212.0}},"resourceId":"sid-CAB8FABC-B702-4ECA-A243-44CC4316208C","childShapes":[],"stencil":{"id":"SequenceFlow"},"dockers":[{"x":50.0,"y":40.0},{"x":50.0,"y":40.0}],"outgoing":[{"resourceId":"sid-1B4207B3-F510-4914-9B24-AB81E85BD10B"}],"target":{"resourceId":"sid-1B4207B3-F510-4914-9B24-AB81E85BD10B"},"properties":{"overrideid":"sid-CAB8FABC-B702-4ECA-A243-44CC4316208C","executionlisteners":{"executionListeners":[]}}},{"bounds":{"lowerRight":{"x":265.0,"y":215.0},"upperLeft":{"x":165.0,"y":135.0}},"resourceId":"sid-7FBB8A89-774E-4B8A-836E-94C10800A6BD","childShapes":[],"stencil":{"id":"ScriptTask"},"properties":{"overrideid":"sid-7FBB8A89-774E-4B8A-836E-94C10800A6BD","name":"Initialize Variables","scriptformat":"groovy","scripttext":"def caseId = \"CASE-\"+execution.getProcessInstanceId()\rexecution.setVariable(\"caseId\", caseId);","executionlisteners":{"executionListeners":[]},"isforcompensation":false,"asynchronousdefinition":true,"exclusivedefinition":false},"outgoing":[{"resourceId":"sid-CAB8FABC-B702-4ECA-A243-44CC4316208C"}]},{"bounds":{"lowerRight":{"x":172.0,"y":212.0},"upperLeft":{"x":128.0,"y":212.0}},"resourceId":"sid-E30B8528-60AC-4E7C-A94F-BDB315D5044E","childShapes":[],"stencil":{"id":"SequenceFlow"},"dockers":[{"x":20.0,"y":20.0},{"x":50.121096773999966,"y":40.0837419355}],"outgoing":[{"resourceId":"sid-D50A8C4C-641A-4974-9B03-375DC0192D7A"}],"target":{"resourceId":"sid-D50A8C4C-641A-4974-9B03-375DC0192D7A"},"properties":{"overrideid":"sid-E30B8528-60AC-4E7C-A94F-BDB315D5044E","executionlisteners":{"executionListeners":[]},"conditionsequenceflow":{"expression":{"index":"0","outcomeFormId":"18","outcomeFormName":"Decision","rightOutcomeName":"Approved","operator":"==","type":"variables"}}}}]}