<?xml version='1.0' encoding='UTF-8'?>
<bpmn2:definitions xmlns="http://www.omg.org/spec/BPMN/20100524/MODEL" xmlns:bpmn2="http://www.omg.org/spec/BPMN/20100524/MODEL" xmlns:xsi="http://www.w3.org/2001/XMLSchema-instance" xmlns:xsd="http://www.w3.org/2001/XMLSchema" xmlns:activiti="http://activiti.org/bpmn" xmlns:bpmndi="http://www.omg.org/spec/BPMN/20100524/DI" xmlns:omgdc="http://www.omg.org/spec/DD/20100524/DC" xmlns:omgdi="http://www.omg.org/spec/DD/20100524/DI" typeLanguage="http://www.w3.org/2001/XMLSchema" expressionLanguage="http://www.w3.org/1999/XPath" targetNamespace="http://www.activiti.org/processdef" xmlns:modeler="http://activiti.com/modeler" modeler:version="1.0en" modeler:exportDateTime="20220823002101144" modeler:modelId="53" modeler:modelVersion="3" modeler:modelLastUpdated="1661214004371">
  <bpmn2:process id="InvokeThisProcess" name="InvokeThisProcess" isExecutable="true">
    <extensionElements>
      <modeler:deleteallvariables xmlns:modeler="http://activiti.com/modeler" modeler:deleteallvariables="false"/>
      <modeler:executionvariables xmlns:modeler="http://activiti.com/modeler" modeler:variableName="decision" modeler:variableType="string" modeler:persist="null"/>
      <modeler:executionvariables xmlns:modeler="http://activiti.com/modeler" modeler:variableName="caseId" modeler:variableType="string" modeler:persist="null"/>
    </extensionElements>
    <bpmn2:startEvent id="startEvent1" name="Submit File" activiti:formKey="51">
      <extensionElements>
        <modeler:form-reference-id><![CDATA[51]]></modeler:form-reference-id>
        <modeler:form-reference-name><![CDATA[Submit]]></modeler:form-reference-name>
        <modeler:editor-resource-id><![CDATA[startEvent1]]></modeler:editor-resource-id>
      </extensionElements>
      <bpmn2:outgoing>sid-E7FDE76C-A4F1-46B7-B047-0F562CC006C1</bpmn2:outgoing>
    </bpmn2:startEvent>
    <bpmn2:userTask id="sid-1B4207B3-F510-4914-9B24-AB81E85BD10B" name="Review" activiti:assignee="$INITIATOR" activiti:formKey="52">
      <extensionElements>
        <modeler:allow-send-email><![CDATA[true]]></modeler:allow-send-email>
        <modeler:form-reference-id><![CDATA[52]]></modeler:form-reference-id>
        <modeler:form-reference-name><![CDATA[Decision]]></modeler:form-reference-name>
        <modeler:activiti-idm-initiator><![CDATA[true]]></modeler:activiti-idm-initiator>
        <modeler:initiator-can-complete><![CDATA[false]]></modeler:initiator-can-complete>
        <modeler:deactivate-user-task-reassignment><![CDATA[false]]></modeler:deactivate-user-task-reassignment>
        <modeler:editor-resource-id><![CDATA[sid-1B4207B3-F510-4914-9B24-AB81E85BD10B]]></modeler:editor-resource-id>
      </extensionElements>
      <bpmn2:incoming>sid-CAB8FABC-B702-4ECA-A243-44CC4316208C</bpmn2:incoming>
      <bpmn2:outgoing>sid-249C9150-C553-4E07-B2A2-8D629E6C3E47</bpmn2:outgoing>
    </bpmn2:userTask>
    <bpmn2:exclusiveGateway id="sid-B2018B8E-DC00-452E-9A16-E10107570671" default="sid-06A50656-799A-435F-A4AA-0105B9ED55E3">
      <extensionElements>
        <modeler:editor-resource-id><![CDATA[sid-B2018B8E-DC00-452E-9A16-E10107570671]]></modeler:editor-resource-id>
      </extensionElements>
      <bpmn2:incoming>sid-249C9150-C553-4E07-B2A2-8D629E6C3E47</bpmn2:incoming>
      <bpmn2:outgoing>sid-06A50656-799A-435F-A4AA-0105B9ED55E3</bpmn2:outgoing>
      <bpmn2:outgoing>sid-E30B8528-60AC-4E7C-A94F-BDB315D5044E</bpmn2:outgoing>
    </bpmn2:exclusiveGateway>
    <bpmn2:sequenceFlow id="sid-249C9150-C553-4E07-B2A2-8D629E6C3E47" sourceRef="sid-1B4207B3-F510-4914-9B24-AB81E85BD10B" targetRef="sid-B2018B8E-DC00-452E-9A16-E10107570671">
      <extensionElements>
        <modeler:editor-resource-id><![CDATA[sid-249C9150-C553-4E07-B2A2-8D629E6C3E47]]></modeler:editor-resource-id>
      </extensionElements>
    </bpmn2:sequenceFlow>
    <bpmn2:endEvent id="sid-E5871A6C-822B-442B-AF76-A7E45FA4147E" name="End Rejected">
      <extensionElements>
        <modeler:editor-resource-id><![CDATA[sid-E5871A6C-822B-442B-AF76-A7E45FA4147E]]></modeler:editor-resource-id>
      </extensionElements>
      <bpmn2:incoming>sid-06A50656-799A-435F-A4AA-0105B9ED55E3</bpmn2:incoming>
    </bpmn2:endEvent>
    <bpmn2:endEvent id="sid-6B71090A-EA80-4158-9389-A7D69283657F" name="End Approved">
      <extensionElements>
        <modeler:editor-resource-id><![CDATA[sid-6B71090A-EA80-4158-9389-A7D69283657F]]></modeler:editor-resource-id>
      </extensionElements>
      <bpmn2:incoming>sid-90952050-32C9-4031-AA91-921F56463341</bpmn2:incoming>
    </bpmn2:endEvent>
    <bpmn2:serviceTask id="sid-D50A8C4C-641A-4974-9B03-375DC0192D7A" name="Upload to Alfresco" activiti:async="true" activiti:class="com.activiti.runtime.activiti.bean.AlfrescoPublishActivityBehavior">
      <extensionElements>
        <activiti:field name="contentSource">
          <activiti:string><![CDATA[process]]></activiti:string>
        </activiti:field>
        <activiti:field name="documentType">
          <activiti:string><![CDATA[cmis:document]]></activiti:string>
        </activiti:field>
        <activiti:field name="documentAspects">
          <activiti:string><![CDATA[[{"aspectName":"cm:titled"}]]]></activiti:string>
        </activiti:field>
        <activiti:field name="account">
          <activiti:string><![CDATA[alfresco-1-alfresco-1]]></activiti:string>
        </activiti:field>
        <activiti:field name="site">
          <activiti:string><![CDATA[sherry-demo]]></activiti:string>
        </activiti:field>
        <activiti:field name="accountUserId">
          <activiti:string><![CDATA[2]]></activiti:string>
        </activiti:field>
        <activiti:field name="publishAsType">
          <activiti:string><![CDATA[user]]></activiti:string>
        </activiti:field>
        <activiti:field name="path">
          <activiti:string><![CDATA[4e003483-ed3b-46cc-8822-410b720c550d]]></activiti:string>
        </activiti:field>
        <activiti:field name="createFolder">
          <activiti:expression><![CDATA[${caseId}]]></activiti:expression>
        </activiti:field>
        <modeler:publish-task-type><![CDATA[alfresco]]></modeler:publish-task-type>
        <modeler:user-email><![CDATA[demo@example.com]]></modeler:user-email>
        <modeler:user-external-id><![CDATA[demo]]></modeler:user-external-id>
        <modeler:username><![CDATA[Demo User]]></modeler:username>
        <modeler:site_title><![CDATA[Sherry-Demo]]></modeler:site_title>
        <modeler:path_title><![CDATA[documentLibrary > TestReview]]></modeler:path_title>
        <modeler:editor-resource-id><![CDATA[sid-D50A8C4C-641A-4974-9B03-375DC0192D7A]]></modeler:editor-resource-id>
      </extensionElements>
      <bpmn2:incoming>sid-E30B8528-60AC-4E7C-A94F-BDB315D5044E</bpmn2:incoming>
      <bpmn2:outgoing>sid-90952050-32C9-4031-AA91-921F56463341</bpmn2:outgoing>
    </bpmn2:serviceTask>
    <bpmn2:sequenceFlow id="sid-90952050-32C9-4031-AA91-921F56463341" sourceRef="sid-D50A8C4C-641A-4974-9B03-375DC0192D7A" targetRef="sid-6B71090A-EA80-4158-9389-A7D69283657F">
      <extensionElements>
        <modeler:editor-resource-id><![CDATA[sid-90952050-32C9-4031-AA91-921F56463341]]></modeler:editor-resource-id>
      </extensionElements>
    </bpmn2:sequenceFlow>
    <bpmn2:sequenceFlow id="sid-E7FDE76C-A4F1-46B7-B047-0F562CC006C1" sourceRef="startEvent1" targetRef="sid-7FBB8A89-774E-4B8A-836E-94C10800A6BD">
      <extensionElements>
        <modeler:editor-resource-id><![CDATA[sid-E7FDE76C-A4F1-46B7-B047-0F562CC006C1]]></modeler:editor-resource-id>
      </extensionElements>
    </bpmn2:sequenceFlow>
    <bpmn2:sequenceFlow id="sid-CAB8FABC-B702-4ECA-A243-44CC4316208C" sourceRef="sid-7FBB8A89-774E-4B8A-836E-94C10800A6BD" targetRef="sid-1B4207B3-F510-4914-9B24-AB81E85BD10B">
      <extensionElements>
        <modeler:editor-resource-id><![CDATA[sid-CAB8FABC-B702-4ECA-A243-44CC4316208C]]></modeler:editor-resource-id>
      </extensionElements>
    </bpmn2:sequenceFlow>
    <bpmn2:scriptTask id="sid-7FBB8A89-774E-4B8A-836E-94C10800A6BD" name="Initialize Variables" activiti:async="true" activiti:exclusive="false" scriptFormat="groovy" activiti:autoStoreVariables="false">
      <extensionElements>
        <activiti:executionListener event="start" class="com.activiti.runtime.activiti.ContentProcessorExecutionListener">
          <activiti:field name="externalContentHandler">
            <activiti:expression><![CDATA[${externalContentHandler}]]></activiti:expression>
          </activiti:field>
        </activiti:executionListener>
        <modeler:editor-resource-id><![CDATA[sid-7FBB8A89-774E-4B8A-836E-94C10800A6BD]]></modeler:editor-resource-id>
        <modeler:ignore-listener-on-import><![CDATA[com.activiti.runtime.activiti.ContentProcessorExecutionListener]]></modeler:ignore-listener-on-import>
      </extensionElements>
      <bpmn2:incoming>sid-E7FDE76C-A4F1-46B7-B047-0F562CC006C1</bpmn2:incoming>
      <bpmn2:outgoing>sid-CAB8FABC-B702-4ECA-A243-44CC4316208C</bpmn2:outgoing>
      <script><![CDATA[def caseId = "CASE-"+execution.getProcessInstanceId()execution.setVariable("caseId", caseId);]]></script>
    </bpmn2:scriptTask>
    <bpmn2:sequenceFlow id="sid-06A50656-799A-435F-A4AA-0105B9ED55E3" sourceRef="sid-B2018B8E-DC00-452E-9A16-E10107570671" targetRef="sid-E5871A6C-822B-442B-AF76-A7E45FA4147E">
      <extensionElements>
        <modeler:editor-resource-id><![CDATA[sid-06A50656-799A-435F-A4AA-0105B9ED55E3]]></modeler:editor-resource-id>
      </extensionElements>
    </bpmn2:sequenceFlow>
    <bpmn2:sequenceFlow id="sid-E30B8528-60AC-4E7C-A94F-BDB315D5044E" sourceRef="sid-B2018B8E-DC00-452E-9A16-E10107570671" targetRef="sid-D50A8C4C-641A-4974-9B03-375DC0192D7A">
      <extensionElements>
        <modeler:conditionDefinition modeler:index="0" modeler:outcomeFormId="52" modeler:outcomeFormName="Decision" modeler:rightOutcomeName="Approved" modeler:operator="=="/>
        <modeler:editor-resource-id><![CDATA[sid-E30B8528-60AC-4E7C-A94F-BDB315D5044E]]></modeler:editor-resource-id>
      </extensionElements>
      <conditionExpression xsi:type="tFormalExpression"><![CDATA[${(activiti_flowConditionsBean.exists(execution, 'form52outcome') && form52outcome == 'Approved')}]]></conditionExpression>
    </bpmn2:sequenceFlow>
  </bpmn2:process>
  <bpmndi:BPMNDiagram id="BPMNDiagram_InvokeThisProcess">
    <bpmndi:BPMNPlane bpmnElement="InvokeThisProcess" id="BPMNPlane_InvokeThisProcess">
      <bpmndi:BPMNShape bpmnElement="startEvent1" id="BPMNShape_startEvent1">
        <omgdc:Bounds height="30.0" width="30.0" x="75.0" y="160.0837419355"/>
      </bpmndi:BPMNShape>
      <bpmndi:BPMNShape bpmnElement="sid-1B4207B3-F510-4914-9B24-AB81E85BD10B" id="BPMNShape_sid-1B4207B3-F510-4914-9B24-AB81E85BD10B">
        <omgdc:Bounds height="80.0" width="100.0" x="330.0" y="135.0"/>
      </bpmndi:BPMNShape>
      <bpmndi:BPMNShape bpmnElement="sid-B2018B8E-DC00-452E-9A16-E10107570671" id="BPMNShape_sid-B2018B8E-DC00-452E-9A16-E10107570671">
        <omgdc:Bounds height="40.0" width="40.0" x="470.0" y="155.0837419355"/>
      </bpmndi:BPMNShape>
      <bpmndi:BPMNShape bpmnElement="sid-E5871A6C-822B-442B-AF76-A7E45FA4147E" id="BPMNShape_sid-E5871A6C-822B-442B-AF76-A7E45FA4147E">
        <omgdc:Bounds height="28.00000000000003" width="28.0" x="476.0" y="252.0837419355"/>
      </bpmndi:BPMNShape>
      <bpmndi:BPMNShape bpmnElement="sid-6B71090A-EA80-4158-9389-A7D69283657F" id="BPMNShape_sid-6B71090A-EA80-4158-9389-A7D69283657F">
        <omgdc:Bounds height="28.0" width="28.0" x="930.0" y="161.0837419355"/>
      </bpmndi:BPMNShape>
      <bpmndi:BPMNShape bpmnElement="sid-D50A8C4C-641A-4974-9B03-375DC0192D7A" id="BPMNShape_sid-D50A8C4C-641A-4974-9B03-375DC0192D7A">
        <omgdc:Bounds height="80.167483871" width="100.24219354799993" x="645.0" y="135.0"/>
      </bpmndi:BPMNShape>
      <bpmndi:BPMNShape bpmnElement="sid-7FBB8A89-774E-4B8A-836E-94C10800A6BD" id="BPMNShape_sid-7FBB8A89-774E-4B8A-836E-94C10800A6BD">
        <omgdc:Bounds height="80.0" width="100.0" x="165.0" y="135.0"/>
      </bpmndi:BPMNShape>
      <bpmndi:BPMNEdge bpmnElement="sid-E30B8528-60AC-4E7C-A94F-BDB315D5044E" id="BPMNEdge_sid-E30B8528-60AC-4E7C-A94F-BDB315D5044E">
        <omgdi:waypoint x="510.0" y="175.0837419355"/>
        <omgdi:waypoint x="645.0" y="175.0837419355"/>
      </bpmndi:BPMNEdge>
      <bpmndi:BPMNEdge bpmnElement="sid-249C9150-C553-4E07-B2A2-8D629E6C3E47" id="BPMNEdge_sid-249C9150-C553-4E07-B2A2-8D629E6C3E47">
        <omgdi:waypoint x="430.0" y="175.03806451613636"/>
        <omgdi:waypoint x="470.01521422401305" y="175.06852771148695"/>
      </bpmndi:BPMNEdge>
      <bpmndi:BPMNEdge bpmnElement="sid-E7FDE76C-A4F1-46B7-B047-0F562CC006C1" id="BPMNEdge_sid-E7FDE76C-A4F1-46B7-B047-0F562CC006C1">
        <omgdi:waypoint x="104.99999663389949" y="175.07369290549508"/>
        <omgdi:waypoint x="165.0" y="175.0334967742"/>
      </bpmndi:BPMNEdge>
      <bpmndi:BPMNEdge bpmnElement="sid-90952050-32C9-4031-AA91-921F56463341" id="BPMNEdge_sid-90952050-32C9-4031-AA91-921F56463341">
        <omgdi:waypoint x="745.2421935479999" y="175.0837419355"/>
        <omgdi:waypoint x="930.0" y="175.0837419355"/>
      </bpmndi:BPMNEdge>
      <bpmndi:BPMNEdge bpmnElement="sid-CAB8FABC-B702-4ECA-A243-44CC4316208C" id="BPMNEdge_sid-CAB8FABC-B702-4ECA-A243-44CC4316208C">
        <omgdi:waypoint x="265.0" y="175.0"/>
        <omgdi:waypoint x="330.0" y="175.0"/>
      </bpmndi:BPMNEdge>
      <bpmndi:BPMNEdge bpmnElement="sid-06A50656-799A-435F-A4AA-0105B9ED55E3" id="BPMNEdge_sid-06A50656-799A-435F-A4AA-0105B9ED55E3">
        <omgdi:waypoint x="490.0" y="195.0837419355"/>
        <omgdi:waypoint x="490.0" y="252.08374193550003"/>
      </bpmndi:BPMNEdge>
    </bpmndi:BPMNPlane>
  </bpmndi:BPMNDiagram>
</bpmn2:definitions>