<?xml version="1.0" encoding="UTF-8"?>
<model xmlns="http://www.alfresco.org/model/dictionary/1.0" name="lm:CLM">
    <author>Demo User</author>
    <imports>
        <import uri="http://www.alfresco.org/model/content/1.0" prefix="cm"/>
        <import uri="http://www.alfresco.org/model/dictionary/1.0" prefix="d"/>
    </imports>
    <namespaces>
        <namespace uri="http://www.alfresco.org/model/clm/1.0" prefix="lm"/>
    </namespaces>
    <data-types/>
    <constraints/>
    <types>
        <type name="lm:contractDocument">
            <title>Contract Document</title>
            <parent>cm:content</parent>
            <properties>
                <property name="lm:contractName">
                    <title>Contract Name</title>
                    <type>d:text</type>
                    <mandatory>false</mandatory>
                    <index enabled="true">
                        <tokenised>TRUE</tokenised>
                        <facetable>false</facetable>
                    </index>
                </property>
                <property name="lm:contractExpirationDate">
                    <title>Contract Expiration Date</title>
                    <type>d:date</type>
                    <mandatory>false</mandatory>
                    <index enabled="true">
                        <tokenised>TRUE</tokenised>
                    </index>
                </property>
                <property name="lm:contractType">
                    <title>Contract Type</title>
                    <type>d:text</type>
                    <mandatory>false</mandatory>
                    <index enabled="true">
                        <tokenised>TRUE</tokenised>
                        <facetable>false</facetable>
                    </index>
                </property>
                <property name="lm:contractValue">
                    <title>Contract Value</title>
                    <type>d:double</type>
                    <mandatory>false</mandatory>
                    <index enabled="true">
                        <tokenised>TRUE</tokenised>
                    </index>
                </property>
            </properties>
            <associations/>
            <overrides/>
            <mandatory-aspects/>
        </type>
    </types>
    <aspects>
        <aspect name="lm:handWrittenDoc">
            <title>Hand Written Document (Sherry - ICR)</title>
            <properties>
                <property name="lm:quote">
                    <title>Quote</title>
                    <type>d:text</type>
                    <mandatory>false</mandatory>
                    <index enabled="true">
                        <tokenised>TRUE</tokenised>
                        <facetable>false</facetable>
                    </index>
                </property>
                <property name="lm:dateofshiftchange">
                    <title>Date of Shift Change</title>
                    <type>d:text</type>
                    <mandatory>false</mandatory>
                    <index enabled="true">
                        <tokenised>TRUE</tokenised>
                        <facetable>false</facetable>
                    </index>
                </property>
                <property name="lm:nurse">
                    <title>Charge Nurse</title>
                    <type>d:text</type>
                    <mandatory>false</mandatory>
                    <index enabled="true">
                        <tokenised>TRUE</tokenised>
                        <facetable>false</facetable>
                    </index>
                </property>
                <property name="lm:unitclerk">
                    <title>Unit Clerk</title>
                    <type>d:text</type>
                    <mandatory>false</mandatory>
                    <index enabled="true">
                        <tokenised>TRUE</tokenised>
                        <facetable>false</facetable>
                    </index>
                </property>
                <property name="lm:catchesnsaves">
                    <title>Catches &amp; Saves</title>
                    <type>d:text</type>
                    <mandatory>false</mandatory>
                    <index enabled="true">
                        <tokenised>TRUE</tokenised>
                        <facetable>false</facetable>
                    </index>
                </property>
                <property name="lm:iseveningshift">
                    <title>PM</title>
                    <type>d:text</type>
                    <mandatory>false</mandatory>
                    <index enabled="true">
                        <tokenised>TRUE</tokenised>
                        <facetable>false</facetable>
                    </index>
                </property>
                <property name="lm:ismorningshift">
                    <title>AM</title>
                    <type>d:text</type>
                    <mandatory>false</mandatory>
                    <index enabled="true">
                        <tokenised>TRUE</tokenised>
                        <facetable>false</facetable>
                    </index>
                </property>
                <property name="lm:whattodobetter">
                    <title>What can we do better ?</title>
                    <type>d:text</type>
                    <mandatory>false</mandatory>
                    <index enabled="true">
                        <tokenised>TRUE</tokenised>
                        <facetable>false</facetable>
                    </index>
                </property>
                <property name="lm:announcement">
                    <title>Announcements</title>
                    <type>d:text</type>
                    <mandatory>false</mandatory>
                    <index enabled="true">
                        <tokenised>TRUE</tokenised>
                        <facetable>false</facetable>
                    </index>
                </property>
                <property name="lm:pendingadmissioncount">
                    <title>Pending Admissions</title>
                    <type>d:text</type>
                    <mandatory>false</mandatory>
                    <index enabled="true">
                        <tokenised>TRUE</tokenised>
                        <facetable>false</facetable>
                    </index>
                </property>
            </properties>
            <associations/>
            <overrides/>
            <mandatory-aspects/>
        </aspect>
        <aspect name="lm:Entity">
            <title>Primary Documents</title>
            <properties>
                <property name="lm:PaymentTerms">
                    <title>PaymentTerms</title>
                    <type>d:text</type>
                    <mandatory>false</mandatory>
                    <index enabled="true">
                        <tokenised>BOTH</tokenised>
                        <facetable>true</facetable>
                    </index>
                </property>
                <property name="lm:EntityURL">
                    <title>Entity URL</title>
                    <type>d:mltext</type>
                    <mandatory>false</mandatory>
                    <index enabled="true">
                        <tokenised>BOTH</tokenised>
                        <facetable>true</facetable>
                    </index>
                </property>
                <property name="lm:State">
                    <title>State</title>
                    <type>d:text</type>
                    <mandatory>false</mandatory>
                    <index enabled="true">
                        <tokenised>BOTH</tokenised>
                        <facetable>true</facetable>
                    </index>
                </property>
                <property name="lm:Zip">
                    <title>Zip</title>
                    <type>d:text</type>
                    <mandatory>false</mandatory>
                    <index enabled="true">
                        <tokenised>BOTH</tokenised>
                        <facetable>true</facetable>
                    </index>
                </property>
                <property name="lm:EntityName">
                    <title>EntityName</title>
                    <type>d:text</type>
                    <mandatory>false</mandatory>
                    <index enabled="true">
                        <tokenised>BOTH</tokenised>
                        <facetable>true</facetable>
                    </index>
                </property>
                <property name="lm:City">
                    <title>City</title>
                    <type>d:text</type>
                    <mandatory>false</mandatory>
                    <index enabled="true">
                        <tokenised>BOTH</tokenised>
                        <facetable>true</facetable>
                    </index>
                </property>
                <property name="lm:CFirstName">
                    <title>Contact First Name</title>
                    <type>d:text</type>
                    <mandatory>false</mandatory>
                    <index enabled="true">
                        <tokenised>BOTH</tokenised>
                        <facetable>true</facetable>
                    </index>
                </property>
                <property name="lm:TaxNumber">
                    <title>TaxNumber</title>
                    <type>d:text</type>
                    <mandatory>false</mandatory>
                    <index enabled="true">
                        <tokenised>BOTH</tokenised>
                        <facetable>true</facetable>
                    </index>
                </property>
                <property name="lm:CFax">
                    <title>Contact Fax</title>
                    <type>d:text</type>
                    <mandatory>false</mandatory>
                    <index enabled="true">
                        <tokenised>BOTH</tokenised>
                        <facetable>true</facetable>
                    </index>
                </property>
                <property name="lm:ExternalEntityId">
                    <title>External Entity Id</title>
                    <type>d:text</type>
                    <mandatory>false</mandatory>
                    <index enabled="true">
                        <tokenised>BOTH</tokenised>
                        <facetable>true</facetable>
                    </index>
                </property>
                <property name="lm:CLastName">
                    <title>Contact First Name</title>
                    <type>d:text</type>
                    <mandatory>false</mandatory>
                    <index enabled="true">
                        <tokenised>BOTH</tokenised>
                        <facetable>true</facetable>
                    </index>
                </property>
                <property name="lm:EntityCountry">
                    <title>Entity Country</title>
                    <type>d:text</type>
                    <mandatory>false</mandatory>
                    <index enabled="true">
                        <tokenised>BOTH</tokenised>
                        <facetable>true</facetable>
                    </index>
                </property>
                <property name="lm:TaxPayerId">
                    <title>Tax Payer Id</title>
                    <type>d:text</type>
                    <mandatory>false</mandatory>
                    <index enabled="true">
                        <tokenised>BOTH</tokenised>
                        <facetable>true</facetable>
                    </index>
                </property>
                <property name="lm:Address">
                    <title>Address</title>
                    <type>d:text</type>
                    <mandatory>false</mandatory>
                    <index enabled="true">
                        <tokenised>BOTH</tokenised>
                        <facetable>true</facetable>
                    </index>
                </property>
                <property name="lm:EntityType">
                    <title>Entity Type</title>
                    <type>d:text</type>
                    <mandatory>false</mandatory>
                    <index enabled="true">
                        <tokenised>TRUE</tokenised>
                        <facetable>false</facetable>
                    </index>
                    <constraints>
                        <constraint name="lm:LIST_cbad1510-24a2-4989-8622-c0cadf0833f9" type="LIST">
                            <parameter name="allowedValues">
                                <list>
                                    <value>Business Partner</value>
                                    <value>Vendor</value>
                                </list>
                            </parameter>
                            <parameter name="caseSensitive">
                                <value>true</value>
                            </parameter>
                            <parameter name="sorted">
                                <value>true</value>
                            </parameter>
                        </constraint>
                    </constraints>
                </property>
                <property name="lm:CPhoneNumber">
                    <title>Contact Phone Number</title>
                    <type>d:text</type>
                    <mandatory>false</mandatory>
                    <index enabled="true">
                        <tokenised>BOTH</tokenised>
                        <facetable>true</facetable>
                    </index>
                </property>
                <property name="lm:CEmailAddress">
                    <title>Contact Email Address</title>
                    <type>d:text</type>
                    <mandatory>false</mandatory>
                    <index enabled="true">
                        <tokenised>BOTH</tokenised>
                        <facetable>true</facetable>
                    </index>
                </property>
                <property name="lm:InactiveDate">
                    <title>InactiveDate</title>
                    <type>d:date</type>
                    <mandatory>false</mandatory>
                    <index enabled="true">
                        <tokenised>TRUE</tokenised>
                        <facetable>true</facetable>
                    </index>
                </property>
                <property name="lm:EntityId">
                    <title>EntityId</title>
                    <type>d:text</type>
                    <mandatory>false</mandatory>
                    <index enabled="true">
                        <tokenised>BOTH</tokenised>
                        <facetable>true</facetable>
                    </index>
                </property>
            </properties>
            <associations/>
            <overrides/>
            <mandatory-aspects/>
        </aspect>
        <aspect name="lm:FederalFilings">
            <title>Federal Filings</title>
            <properties>
                <property name="lm:TaxYear">
                    <title>Tax Year</title>
                    <type>d:text</type>
                    <mandatory>false</mandatory>
                    <index enabled="true">
                        <tokenised>BOTH</tokenised>
                        <facetable>true</facetable>
                    </index>
                    <constraints>
                        <constraint name="lm:LIST_655646ab-5865-443b-8c09-c2020e83fcd5" type="LIST">
                            <parameter name="allowedValues">
                                <list>
                                    <value>2018</value>
                                    <value>2019</value>
                                    <value>2020</value>
                                    <value>2021</value>
                                    <value>2022</value>
                                    <value>2023</value>
                                    <value>2024</value>
                                </list>
                            </parameter>
                            <parameter name="caseSensitive">
                                <value>true</value>
                            </parameter>
                            <parameter name="sorted">
                                <value>true</value>
                            </parameter>
                        </constraint>
                    </constraints>
                </property>
                <property name="lm:ReviewedBy">
                    <title>Reviewed By</title>
                    <type>d:text</type>
                    <mandatory>false</mandatory>
                    <index enabled="true">
                        <tokenised>BOTH</tokenised>
                        <facetable>true</facetable>
                    </index>
                </property>
                <property name="lm:StateFiling">
                    <title>State</title>
                    <type>d:text</type>
                    <mandatory>false</mandatory>
                    <index enabled="true">
                        <tokenised>BOTH</tokenised>
                        <facetable>true</facetable>
                    </index>
                    <constraints>
                        <constraint name="lm:LIST_bf338342-f6be-430f-82a0-19f636736ce4" type="LIST">
                            <parameter name="allowedValues">
                                <list>
                                    <value>WA</value>
                                    <value>FL</value>
                                    <value>TX</value>
                                    <value>IL</value>
                                    <value>OR</value>
                                </list>
                            </parameter>
                            <parameter name="caseSensitive">
                                <value>true</value>
                            </parameter>
                            <parameter name="sorted">
                                <value>true</value>
                            </parameter>
                        </constraint>
                    </constraints>
                </property>
                <property name="lm:ApprovalStatus">
                    <title>Approval Status</title>
                    <type>d:date</type>
                    <mandatory>false</mandatory>
                    <index enabled="true">
                        <tokenised>TRUE</tokenised>
                        <facetable>true</facetable>
                    </index>
                </property>
            </properties>
            <associations/>
            <overrides/>
            <mandatory-aspects/>
        </aspect>
        <aspect name="lm:ContractTemplates">
            <title>ContractTemplates</title>
            <description>ContractTemplates</description>
            <properties>
                <property name="lm:TemplateStatus">
                    <title>TemplateStatus</title>
                    <type>d:text</type>
                    <mandatory>false</mandatory>
                    <index enabled="true">
                        <tokenised>BOTH</tokenised>
                        <facetable>true</facetable>
                    </index>
                    <constraints>
                        <constraint name="lm:LIST_10d5ad33-f7a7-47f6-8eb3-97d8cd2f47ce" type="LIST">
                            <parameter name="allowedValues">
                                <list>
                                    <value>Draft</value>
                                    <value>Don't Use</value>
                                    <value>Approved</value>
                                    <value>Expired</value>
                                    <value>On Hold</value>
                                </list>
                            </parameter>
                            <parameter name="caseSensitive">
                                <value>true</value>
                            </parameter>
                            <parameter name="sorted">
                                <value>true</value>
                            </parameter>
                        </constraint>
                    </constraints>
                </property>
                <property name="lm:TemplateUsage">
                    <title>Template Usage</title>
                    <type>d:text</type>
                    <mandatory>false</mandatory>
                    <index enabled="true">
                        <tokenised>BOTH</tokenised>
                        <facetable>true</facetable>
                    </index>
                    <constraints>
                        <constraint name="lm:LIST_04ebbcff-3981-4672-8e73-430a0b05450f" type="LIST">
                            <parameter name="allowedValues">
                                <list>
                                    <value>Buy</value>
                                    <value>Sell</value>
                                </list>
                            </parameter>
                            <parameter name="caseSensitive">
                                <value>true</value>
                            </parameter>
                            <parameter name="sorted">
                                <value>false</value>
                            </parameter>
                        </constraint>
                    </constraints>
                </property>
                <property name="lm:TemplateType">
                    <title>TemplateType</title>
                    <description>TemplateType</description>
                    <type>d:text</type>
                    <mandatory>false</mandatory>
                    <index enabled="true">
                        <tokenised>BOTH</tokenised>
                        <facetable>true</facetable>
                    </index>
                    <constraints>
                        <constraint name="lm:LIST_ed376f35-747c-4e31-86a1-5fe9d51a23a3" type="LIST">
                            <parameter name="allowedValues">
                                <list>
                                    <value>MSA</value>
                                    <value>NDA</value>
                                </list>
                            </parameter>
                            <parameter name="caseSensitive">
                                <value>true</value>
                            </parameter>
                            <parameter name="sorted">
                                <value>false</value>
                            </parameter>
                        </constraint>
                    </constraints>
                </property>
                <property name="lm:TemplateDescription">
                    <title>Template Description</title>
                    <type>d:mltext</type>
                    <mandatory>false</mandatory>
                    <index enabled="true">
                        <tokenised>BOTH</tokenised>
                        <facetable>true</facetable>
                    </index>
                </property>
                <property name="lm:TemplateId">
                    <title>TemplateId</title>
                    <description>TemplateId</description>
                    <type>d:text</type>
                    <mandatory>false</mandatory>
                    <index enabled="true">
                        <tokenised>BOTH</tokenised>
                        <facetable>true</facetable>
                    </index>
                </property>
                <property name="lm:TemplateName">
                    <title>TemplateName</title>
                    <description>TemplateName</description>
                    <type>d:text</type>
                    <mandatory>false</mandatory>
                    <index enabled="true">
                        <tokenised>BOTH</tokenised>
                        <facetable>true</facetable>
                    </index>
                </property>
            </properties>
            <associations/>
            <overrides/>
            <mandatory-aspects/>
        </aspect>
        <aspect name="lm:Vendor">
            <title>Vendor Details</title>
            <properties/>
            <associations/>
            <overrides/>
            <mandatory-aspects/>
        </aspect>
        <aspect name="lm:Invoice">
            <title>Invoice Document</title>
            <properties>
                <property name="lm:amount">
                    <title>InvoiceAmount</title>
                    <type>d:text</type>
                    <mandatory>false</mandatory>
                    <index enabled="true">
                        <tokenised>TRUE</tokenised>
                        <facetable>false</facetable>
                    </index>
                </property>
                <property name="lm:address">
                    <title>Billing Address</title>
                    <type>d:text</type>
                    <mandatory>false</mandatory>
                    <index enabled="true">
                        <tokenised>TRUE</tokenised>
                        <facetable>false</facetable>
                    </index>
                </property>
                <property name="lm:number">
                    <title>Invoice Number</title>
                    <type>d:text</type>
                    <mandatory>false</mandatory>
                    <index enabled="true">
                        <tokenised>TRUE</tokenised>
                        <facetable>false</facetable>
                    </index>
                </property>
                <property name="lm:invoiceDate">
                    <title>Invoice Date</title>
                    <type>d:text</type>
                    <mandatory>false</mandatory>
                    <index enabled="true">
                        <tokenised>TRUE</tokenised>
                        <facetable>false</facetable>
                    </index>
                </property>
                <property name="lm:FEIN">
                    <title>Employer Identification Number</title>
                    <type>d:text</type>
                    <mandatory>false</mandatory>
                    <index enabled="true">
                        <tokenised>TRUE</tokenised>
                        <facetable>false</facetable>
                    </index>
                </property>
            </properties>
            <associations/>
            <overrides/>
            <mandatory-aspects/>
        </aspect>
        <aspect name="lm:Contracts">
            <title>Contracts</title>
            <description>Contracts</description>
            <properties>
                <property name="lm:ConvertToPDF">
                    <title>ConvertToPDF</title>
                    <type>d:boolean</type>
                    <mandatory>false</mandatory>
                    <default>false</default>
                    <index enabled="true">
                        <tokenised>TRUE</tokenised>
                    </index>
                </property>
                <property name="lm:ManualReminderStrArrays">
                    <title>ManualReminderStrArrays</title>
                    <type>d:text</type>
                    <mandatory>false</mandatory>
                    <multiple>true</multiple>
                    <index enabled="true">
                        <tokenised>TRUE</tokenised>
                        <facetable>false</facetable>
                    </index>
                </property>
                <property name="lm:ContractPriority">
                    <title>Contract Priority</title>
                    <description>Contract Priority</description>
                    <type>d:text</type>
                    <mandatory>false</mandatory>
                    <index enabled="true">
                        <tokenised>BOTH</tokenised>
                        <facetable>true</facetable>
                    </index>
                    <constraints>
                        <constraint name="lm:LIST_e67e0b5d-a62c-4e18-8077-6a37e8142721" type="LIST">
                            <parameter name="allowedValues">
                                <list>
                                    <value>Low</value>
                                    <value>Medium</value>
                                    <value>High</value>
                                </list>
                            </parameter>
                            <parameter name="caseSensitive">
                                <value>true</value>
                            </parameter>
                            <parameter name="sorted">
                                <value>true</value>
                            </parameter>
                        </constraint>
                    </constraints>
                </property>
                <property name="lm:ActualStartDate">
                    <title>ActualStartDate</title>
                    <type>d:date</type>
                    <mandatory>false</mandatory>
                    <index enabled="true">
                        <tokenised>TRUE</tokenised>
                        <facetable>true</facetable>
                    </index>
                </property>
                <property name="lm:ContractAmount">
                    <title>Contract Amount</title>
                    <type>d:double</type>
                    <mandatory>false</mandatory>
                    <index enabled="true">
                        <tokenised>TRUE</tokenised>
                        <facetable>true</facetable>
                    </index>
                </property>
                <property name="lm:ManualReminderStr">
                    <title>ManualReminderStr</title>
                    <type>d:mltext</type>
                    <mandatory>false</mandatory>
                    <index enabled="true">
                        <tokenised>TRUE</tokenised>
                        <facetable>false</facetable>
                    </index>
                </property>
                <property name="lm:BusinessOwner">
                    <title>Business Owner</title>
                    <type>d:text</type>
                    <mandatory>false</mandatory>
                    <index enabled="true">
                        <tokenised>BOTH</tokenised>
                        <facetable>true</facetable>
                    </index>
                </property>
                <property name="lm:ContractType">
                    <title>Contract Type</title>
                    <type>d:text</type>
                    <mandatory>false</mandatory>
                    <index enabled="true">
                        <tokenised>BOTH</tokenised>
                        <facetable>true</facetable>
                    </index>
                    <constraints>
                        <constraint name="lm:LIST_9be9a97d-95a6-4b2a-81db-2379588f0e85" type="LIST">
                            <parameter name="allowedValues">
                                <list>
                                    <value>NDA</value>
                                    <value>MSA</value>
                                </list>
                            </parameter>
                            <parameter name="caseSensitive">
                                <value>true</value>
                            </parameter>
                            <parameter name="sorted">
                                <value>false</value>
                            </parameter>
                        </constraint>
                    </constraints>
                </property>
                <property name="lm:PromoteMajorVersion">
                    <title>PromoteMajorVersion</title>
                    <type>d:boolean</type>
                    <mandatory>false</mandatory>
                    <default>false</default>
                    <index enabled="true">
                        <tokenised>TRUE</tokenised>
                    </index>
                </property>
                <property name="lm:InternalParty">
                    <title>Internal Party</title>
                    <type>d:text</type>
                    <mandatory>false</mandatory>
                    <index enabled="true">
                        <tokenised>BOTH</tokenised>
                        <facetable>true</facetable>
                    </index>
                    <constraints>
                        <constraint name="lm:LIST_ae6c0099-7825-4383-8cb7-9c607dc07bf0" type="LIST">
                            <parameter name="allowedValues">
                                <list>
                                    <value>Engineering</value>
                                    <value>Innovation Center</value>
                                    <value>Chief Digital Officer</value>
                                    <value>Creative Director</value>
                                    <value>Sales</value>
                                    <value>Marketing</value>
                                </list>
                            </parameter>
                            <parameter name="caseSensitive">
                                <value>true</value>
                            </parameter>
                            <parameter name="sorted">
                                <value>true</value>
                            </parameter>
                        </constraint>
                    </constraints>
                </property>
                <property name="lm:PlannedStartDate">
                    <title>Planned Start Date</title>
                    <type>d:date</type>
                    <mandatory>false</mandatory>
                    <index enabled="true">
                        <tokenised>TRUE</tokenised>
                        <facetable>true</facetable>
                    </index>
                </property>
                <property name="lm:ProcessId">
                    <title>ProcessId</title>
                    <type>d:text</type>
                    <mandatory>false</mandatory>
                    <index enabled="true">
                        <tokenised>BOTH</tokenised>
                        <facetable>true</facetable>
                    </index>
                </property>
                <property name="lm:ContractNumber">
                    <title>Contract Number</title>
                    <type>d:text</type>
                    <mandatory>false</mandatory>
                    <index enabled="true">
                        <tokenised>BOTH</tokenised>
                        <facetable>true</facetable>
                    </index>
                </property>
                <property name="lm:ExpiryDate">
                    <title>ExpiryDate</title>
                    <type>d:date</type>
                    <mandatory>false</mandatory>
                    <index enabled="true">
                        <tokenised>TRUE</tokenised>
                        <facetable>true</facetable>
                    </index>
                </property>
                <property name="lm:Description">
                    <title>Description</title>
                    <description>Description</description>
                    <type>d:mltext</type>
                    <mandatory>false</mandatory>
                    <index enabled="true">
                        <tokenised>BOTH</tokenised>
                        <facetable>true</facetable>
                    </index>
                </property>
                <property name="lm:ContractName">
                    <title>Contract Name</title>
                    <description>Contract Name</description>
                    <type>d:text</type>
                    <mandatory>false</mandatory>
                    <index enabled="true">
                        <tokenised>BOTH</tokenised>
                        <facetable>true</facetable>
                    </index>
                </property>
                <property name="lm:Amendment">
                    <title>Amendment</title>
                    <type>d:boolean</type>
                    <mandatory>false</mandatory>
                    <default>false</default>
                    <index enabled="true">
                        <tokenised>TRUE</tokenised>
                    </index>
                </property>
                <property name="lm:ManualReminders">
                    <title>ManualReminders</title>
                    <type>d:date</type>
                    <mandatory>false</mandatory>
                    <multiple>true</multiple>
                    <index enabled="true">
                        <tokenised>TRUE</tokenised>
                    </index>
                </property>
                <property name="lm:ContractStatus">
                    <title>Contract Status</title>
                    <type>d:text</type>
                    <mandatory>false</mandatory>
                    <index enabled="true">
                        <tokenised>BOTH</tokenised>
                        <facetable>true</facetable>
                    </index>
                    <constraints>
                        <constraint name="lm:LIST_fd553779-3e7e-411d-8276-a6d3f9aba6ec" type="LIST">
                            <parameter name="allowedValues">
                                <list>
                                    <value>Approved</value>
                                    <value>Cancelled</value>
                                    <value>Draft</value>
                                    <value>Executed</value>
                                    <value>Expired</value>
                                    <value>Negotiation</value>
                                    <value>Rejected</value>
                                </list>
                            </parameter>
                            <parameter name="caseSensitive">
                                <value>true</value>
                            </parameter>
                            <parameter name="sorted">
                                <value>false</value>
                            </parameter>
                        </constraint>
                    </constraints>
                </property>
                <property name="lm:ContractTerm">
                    <title>ContractTerm</title>
                    <type>d:double</type>
                    <mandatory>false</mandatory>
                    <index enabled="true">
                        <tokenised>TRUE</tokenised>
                        <facetable>true</facetable>
                    </index>
                </property>
                <property name="lm:Country">
                    <title>Country</title>
                    <description>Country</description>
                    <type>d:text</type>
                    <mandatory>false</mandatory>
                    <index enabled="true">
                        <tokenised>TRUE</tokenised>
                        <facetable>false</facetable>
                    </index>
                    <constraints>
                        <constraint name="lm:LIST_6e9eb518-7f8e-45f9-8fdd-2dbdd1fe843d" type="LIST">
                            <parameter name="allowedValues">
                                <list>
                                    <value>United States</value>
                                    <value>Japan</value>
                                    <value>Germany</value>
                                    <value>Canada</value>
                                    <value>France</value>
                                    <value>Brazil</value>
                                    <value>India</value>
                                </list>
                            </parameter>
                            <parameter name="caseSensitive">
                                <value>true</value>
                            </parameter>
                            <parameter name="sorted">
                                <value>true</value>
                            </parameter>
                        </constraint>
                    </constraints>
                </property>
                <property name="lm:Currency">
                    <title>Curreny</title>
                    <type>d:text</type>
                    <mandatory>false</mandatory>
                    <index enabled="true">
                        <tokenised>BOTH</tokenised>
                        <facetable>true</facetable>
                    </index>
                    <constraints>
                        <constraint name="lm:LIST_555b5d0b-e9f6-4bfe-8ab5-c214c3832ff8" type="LIST">
                            <parameter name="allowedValues">
                                <list>
                                    <value>$</value>
                                    <value>€</value>
                                </list>
                            </parameter>
                            <parameter name="caseSensitive">
                                <value>true</value>
                            </parameter>
                            <parameter name="sorted">
                                <value>false</value>
                            </parameter>
                        </constraint>
                    </constraints>
                </property>
            </properties>
            <associations/>
            <overrides/>
            <mandatory-aspects/>
        </aspect>
        <aspect name="lm:Contract">
            <title>For Contract Document (Sherry - OCR)</title>
            <description>Created by Sherry for OCR Use Case.</description>
            <properties>
                <property name="lm:ocrcontracttype">
                    <title>Contract Type</title>
                    <type>d:text</type>
                    <mandatory>false</mandatory>
                    <index enabled="true">
                        <tokenised>TRUE</tokenised>
                        <facetable>false</facetable>
                    </index>
                </property>
                <property name="lm:ocrcontractorname">
                    <title>Contractor Name</title>
                    <type>d:text</type>
                    <mandatory>false</mandatory>
                    <index enabled="true">
                        <tokenised>TRUE</tokenised>
                        <facetable>false</facetable>
                    </index>
                </property>
                <property name="lm:ocrcontractid">
                    <title>Contract ID</title>
                    <type>d:text</type>
                    <mandatory>false</mandatory>
                    <index enabled="true">
                        <tokenised>TRUE</tokenised>
                        <facetable>false</facetable>
                    </index>
                </property>
                <property name="lm:ocrcontractenddate">
                    <title>Contract End Date</title>
                    <type>d:date</type>
                    <mandatory>false</mandatory>
                    <index enabled="true">
                        <tokenised>TRUE</tokenised>
                    </index>
                </property>
                <property name="lm:ocrcontractenddatestring">
                    <title>Contract End Date</title>
                    <type>d:text</type>
                    <mandatory>false</mandatory>
                    <index enabled="true">
                        <tokenised>TRUE</tokenised>
                        <facetable>false</facetable>
                    </index>
                </property>
                <property name="lm:ocrrenewablecontractstring">
                    <title>Is Contract Renewable ?</title>
                    <type>d:text</type>
                    <mandatory>false</mandatory>
                    <index enabled="true">
                        <tokenised>TRUE</tokenised>
                        <facetable>false</facetable>
                    </index>
                </property>
                <property name="lm:ocrcontractstartdatestring">
                    <title>Contract Start Date</title>
                    <type>d:text</type>
                    <mandatory>false</mandatory>
                    <index enabled="true">
                        <tokenised>TRUE</tokenised>
                        <facetable>false</facetable>
                    </index>
                </property>
                <property name="lm:ocrcontractdetails">
                    <title>Contract Details</title>
                    <type>d:text</type>
                    <mandatory>false</mandatory>
                    <index enabled="true">
                        <tokenised>TRUE</tokenised>
                        <facetable>false</facetable>
                    </index>
                </property>
                <property name="lm:ocrcontractstartdate">
                    <title>Contract Start Date</title>
                    <type>d:date</type>
                    <mandatory>false</mandatory>
                    <index enabled="true">
                        <tokenised>TRUE</tokenised>
                    </index>
                </property>
                <property name="lm:ocrcontractname">
                    <title>Contract Name</title>
                    <type>d:text</type>
                    <mandatory>false</mandatory>
                    <index enabled="true">
                        <tokenised>TRUE</tokenised>
                        <facetable>false</facetable>
                    </index>
                </property>
                <property name="lm:ocrrenewablecontract">
                    <title>Is Contract Renewable ?</title>
                    <type>d:boolean</type>
                    <mandatory>false</mandatory>
                    <default>false</default>
                    <index enabled="true">
                        <tokenised>TRUE</tokenised>
                    </index>
                </property>
            </properties>
            <associations/>
            <overrides/>
            <mandatory-aspects/>
        </aspect>
    </aspects>
</model>