<?xml version="1.0" encoding="UTF-8"?><module>
   <id>CMM_CLM</id>
   <auto-deploy>true</auto-deploy>
   <configurations>
      
      <!-- Document Library config section -->
      <config condition="DocumentLibrary" evaluator="string-compare" replace="false">
         <aspects>
            <visible>
               <aspect label="lm:Entity" name="lm:Entity"/>
               <aspect label="Federal Filings" name="lm:FederalFilings"/>
               <aspect label="ContractTemplates" name="lm:ContractTemplates"/>
               <aspect label="lm:Vendor" name="lm:Vendor"/>
               <aspect label="Contracts" name="lm:Contracts"/>
            </visible>
         </aspects>
      </config>

      <!-- Form configuration section - type -->
      
      <!-- Form configuration section - aspect -->
      <config condition="lm:Entity" evaluator="aspect">
         <forms>
            <form>
               <field-visibility>
                  <show id="lm:EntityName"/>
                  <show id="lm:EntityURL"/>
                  <show id="lm:CFirstName"/>
                  <show id="lm:CLastName"/>
                  <show id="lm:Address"/>
                  <show id="lm:City"/>
                  <show id="lm:State"/>
                  <show id="lm:Zip"/>
                  <show id="lm:CEmailAddress"/>
                  <show id="lm:CPhoneNumber"/>
                  <show id="lm:EntityType"/>
                  <show id="lm:CFax"/>
                  <show id="lm:EntityCountry"/>
                  <show id="lm:InactiveDate"/>
                  <show id="lm:ExternalEntityId"/>
                  <show id="lm:EntityId"/>
                  <show id="lm:PaymentTerms"/>
                  <show id="lm:TaxNumber"/>
                  <show id="lm:TaxPayerId"/>
               </field-visibility>
               <appearance>
                  <set appearance="whitespace" id="lm:Entity_cmm_set0" template="/org/alfresco/components/form/2-column-set.ftl"/>
                  <field id="lm:CFirstName" set="lm:Entity_cmm_set0">
                  </field>
                  <field id="lm:CFax" set="lm:Entity_cmm_set0">
                  </field>
                  <field id="lm:EntityName" set="lm:Entity_cmm_set0">
                  </field>
                  <field id="lm:PaymentTerms" set="lm:Entity_cmm_set0">
                  </field>
                  <field id="lm:EntityCountry" set="lm:Entity_cmm_set0">
                  </field>
                  <field id="lm:EntityId" set="lm:Entity_cmm_set0">
                  </field>
                  <field id="lm:Address" set="lm:Entity_cmm_set0">
                  </field>
                  <field id="lm:Zip" set="lm:Entity_cmm_set0">
                  </field>
                  <field id="lm:EntityURL" set="lm:Entity_cmm_set0">
                  </field>
                  <field id="lm:EntityType" set="lm:Entity_cmm_set0">
                  </field>
                  <field id="lm:CLastName" set="lm:Entity_cmm_set0">
                  </field>
                  <field id="lm:CEmailAddress" set="lm:Entity_cmm_set0">
                  </field>
                  <field id="lm:City" set="lm:Entity_cmm_set0">
                  </field>
                  <field id="lm:CPhoneNumber" set="lm:Entity_cmm_set0">
                  </field>
                  <field id="lm:ExternalEntityId" set="lm:Entity_cmm_set0">
                  </field>
                  <field id="lm:InactiveDate" set="lm:Entity_cmm_set0">
                  </field>
                  <field id="lm:TaxNumber" set="lm:Entity_cmm_set0">
                  </field>
                  <field id="lm:TaxPayerId" set="lm:Entity_cmm_set0">
                  </field>
                  <field id="lm:State" set="lm:Entity_cmm_set0">
                  </field>
               </appearance>
            </form>
         </forms>
      </config>
      <config condition="lm:FederalFilings" evaluator="aspect">
         <forms>
            <form>
               <field-visibility>
                  <show id="lm:TaxYear"/>
                  <show id="lm:ReviewedBy"/>
                  <show id="lm:StateFiling"/>
                  <show id="lm:ApprovalStatus"/>
               </field-visibility>
               <appearance>
                  <set appearance="whitespace" id="lm:FederalFilings_cmm_set0"/>
                  <field id="lm:StateFiling" set="lm:FederalFilings_cmm_set0">
                  </field>
                  <field id="lm:TaxYear" set="lm:FederalFilings_cmm_set0">
                  </field>
                  <field id="lm:ReviewedBy" set="lm:FederalFilings_cmm_set0">
                  </field>
                  <field id="lm:ApprovalStatus" set="lm:FederalFilings_cmm_set0">
                  </field>
               </appearance>
            </form>
         </forms>
      </config>
      <config condition="lm:ContractTemplates" evaluator="aspect">
         <forms>
            <form>
               <field-visibility>
                  <show id="lm:TemplateStatus"/>
                  <show id="lm:TemplateUsage"/>
                  <show id="lm:TemplateType"/>
                  <show id="lm:TemplateDescription"/>
                  <show id="lm:TemplateId"/>
                  <show id="lm:TemplateName"/>
               </field-visibility>
               <appearance>
                  <set appearance="whitespace" id="lm:ContractTemplates_cmm_set0"/>
                  <field id="lm:TemplateUsage" set="lm:ContractTemplates_cmm_set0">
                  </field>
                  <field id="lm:TemplateType" set="lm:ContractTemplates_cmm_set0">
                  </field>
                  <field id="lm:TemplateName" set="lm:ContractTemplates_cmm_set0">
                  </field>
                  <field id="lm:TemplateDescription" set="lm:ContractTemplates_cmm_set0">
                  </field>
                  <field id="lm:TemplateId" set="lm:ContractTemplates_cmm_set0">
                  </field>
                  <field id="lm:TemplateStatus" set="lm:ContractTemplates_cmm_set0">
                  </field>
               </appearance>
            </form>
         </forms>
      </config>
      <config condition="lm:Contracts" evaluator="aspect">
         <forms>
            <form>
               <field-visibility>
                  <show id="lm:ContractNumber"/>
                  <show id="lm:ContractName"/>
                  <show id="lm:Description"/>
                  <show id="lm:ContractType"/>
                  <show id="lm:InternalParty"/>
                  <show id="lm:ContractStatus"/>
                  <show id="lm:ContractPriority"/>
                  <show id="lm:ContractAmount"/>
                  <show id="lm:ActualStartDate"/>
                  <show id="lm:PlannedStartDate"/>
                  <show id="lm:ExpiryDate"/>
                  <show id="lm:Country"/>
                  <show id="lm:Currency"/>
                  <show id="lm:ContractTerm"/>
                  <show id="lm:BusinessOwner"/>
               </field-visibility>
               <appearance>
                  <set appearance="whitespace" id="lm:Contracts_cmm_set0" template="/org/alfresco/components/form/2-column-set.ftl"/>
                  <field id="lm:ContractNumber" set="lm:Contracts_cmm_set0">
                  </field>
                  <field id="lm:ContractType" set="lm:Contracts_cmm_set0">
                  </field>
                  <field id="lm:Currency" set="lm:Contracts_cmm_set0">
                  </field>
                  <field id="lm:ExpiryDate" set="lm:Contracts_cmm_set0">
                  </field>
                  <field id="lm:InternalParty" set="lm:Contracts_cmm_set0">
                  </field>
                  <field id="lm:ContractPriority" set="lm:Contracts_cmm_set0">
                  </field>
                  <field id="lm:Country" set="lm:Contracts_cmm_set0">
                  </field>
                  <field id="lm:ActualStartDate" set="lm:Contracts_cmm_set0">
                  </field>
                  <field id="lm:PlannedStartDate" set="lm:Contracts_cmm_set0">
                  </field>
                  <field id="lm:ContractTerm" set="lm:Contracts_cmm_set0">
                  </field>
                  <field id="lm:ContractStatus" set="lm:Contracts_cmm_set0">
                  </field>
                  <field id="lm:ContractAmount" set="lm:Contracts_cmm_set0">
                  </field>
                  <field id="lm:ContractName" set="lm:Contracts_cmm_set0">
                  </field>
                  <field id="lm:BusinessOwner" set="lm:Contracts_cmm_set0">
                  </field>
                  <field id="lm:Description" set="lm:Contracts_cmm_set0">
                  </field>
               </appearance>
            </form>
         </forms>
      </config>
      
      <!-- Entity form designer configuration -->
      <config condition="FormDefinition" evaluator="string-compare">
         <form-definition id="Entity">[{"elementconfig":{"label":"","appearance":"bordered-panel"},"pseudonym":"cmm/editor/layout/2cols","label":"cmm.form-editor.palette.two-column","type":["layout"],"column":[{"pseudonym":"cmm/editor/property/text","id":"lm:EntityName","elementconfig":{"infoname":"EntityName","infolabel":"EntityName","infotype":"d:text"},"label":"EntityName [EntityName]","type":["property"]},{"pseudonym":"cmm/editor/property/mltext","id":"lm:EntityURL","elementconfig":{"infoname":"EntityURL","infolabel":"Entity URL","infotype":"d:mltext"},"label":"Entity URL [EntityURL]","type":["property"]},{"pseudonym":"cmm/editor/property/text","id":"lm:CFirstName","elementconfig":{"infoname":"CFirstName","infolabel":"Contact First Name","infotype":"d:text"},"label":"Contact First Name [CFirstName]","type":["property"]},{"pseudonym":"cmm/editor/property/text","id":"lm:CLastName","elementconfig":{"infoname":"CLastName","infolabel":"Contact First Name","infotype":"d:text"},"label":"Contact First Name [CLastName]","type":["property"]},{"pseudonym":"cmm/editor/property/text","id":"lm:Address","elementconfig":{"infoname":"Address","infolabel":"Address","infotype":"d:text"},"label":"Address [Address]","type":["property"]},{"pseudonym":"cmm/editor/property/text","id":"lm:City","elementconfig":{"infoname":"City","infolabel":"City","infotype":"d:text"},"label":"City [City]","type":["property"]},{"pseudonym":"cmm/editor/property/text","id":"lm:State","elementconfig":{"infoname":"State","infolabel":"State","infotype":"d:text"},"label":"State [State]","type":["property"]},{"pseudonym":"cmm/editor/property/text","id":"lm:Zip","elementconfig":{"infoname":"Zip","infolabel":"Zip","infotype":"d:text"},"label":"Zip [Zip]","type":["property"]},{"pseudonym":"cmm/editor/property/text","id":"lm:CEmailAddress","elementconfig":{"infoname":"CEmailAddress","infolabel":"Contact Email Address","infotype":"d:text"},"label":"Contact Email Address [CEmailAddress]","type":["property"]},{"pseudonym":"cmm/editor/property/text","id":"lm:CPhoneNumber","elementconfig":{"infoname":"CPhoneNumber","infolabel":"Contact Phone Number","infotype":"d:text"},"label":"Contact Phone Number [CPhoneNumber]","type":["property"]},{"pseudonym":"cmm/editor/property/text","id":"lm:EntityType","elementconfig":{"infoname":"EntityType","infolabel":"Entity Type","infotype":"d:text"},"label":"Entity Type [EntityType]","type":["property"]},{"pseudonym":"cmm/editor/property/text","id":"lm:CFax","elementconfig":{"infoname":"CFax","infolabel":"Contact Fax","infotype":"d:text"},"label":"Contact Fax [CFax]","type":["property"]},{"pseudonym":"cmm/editor/property/text","id":"lm:EntityCountry","elementconfig":{"infoname":"EntityCountry","infolabel":"Entity Country","infotype":"d:text"},"label":"Entity Country [EntityCountry]","type":["property"]},{"pseudonym":"cmm/editor/property/date","id":"lm:InactiveDate","elementconfig":{"infoname":"InactiveDate","infolabel":"InactiveDate","infotype":"d:date"},"label":"InactiveDate [InactiveDate]","type":["property"]},{"pseudonym":"cmm/editor/property/text","id":"lm:ExternalEntityId","elementconfig":{"infoname":"ExternalEntityId","infolabel":"External Entity Id","infotype":"d:text"},"label":"External Entity Id [ExternalEntityId]","type":["property"]},{"pseudonym":"cmm/editor/property/text","id":"lm:EntityId","elementconfig":{"infoname":"EntityId","infolabel":"EntityId","infotype":"d:text"},"label":"EntityId [EntityId]","type":["property"]},{"pseudonym":"cmm/editor/property/text","id":"lm:PaymentTerms","elementconfig":{"infoname":"PaymentTerms","infolabel":"PaymentTerms","infotype":"d:text"},"label":"PaymentTerms [PaymentTerms]","type":["property"]},{"pseudonym":"cmm/editor/property/text","id":"lm:TaxNumber","elementconfig":{"infoname":"TaxNumber","infolabel":"TaxNumber","infotype":"d:text"},"label":"TaxNumber [TaxNumber]","type":["property"]},{"pseudonym":"cmm/editor/property/text","id":"lm:TaxPayerId","elementconfig":{"infoname":"TaxPayerId","infolabel":"Tax Payer Id","infotype":"d:text"},"label":"Tax Payer Id [TaxPayerId]","type":["property"]}]}]</form-definition>
         <form-definition id="FederalFilings">[{"elementconfig":{"label":"","appearance":"title"},"pseudonym":"cmm/editor/layout/1cols","label":"cmm.form-editor.palette.one-column","column":[{"pseudonym":"cmm/editor/property/text","id":"lm:TaxYear","elementconfig":{"infoname":"TaxYear","infolabel":"Tax Year","infotype":"d:text"},"label":"Tax Year [TaxYear]","type":["property"]},{"pseudonym":"cmm/editor/property/text","id":"lm:ReviewedBy","elementconfig":{"infoname":"ReviewedBy","infolabel":"Reviewed By","infotype":"d:text"},"label":"Reviewed By [ReviewedBy]","type":["property"]},{"pseudonym":"cmm/editor/property/text","id":"lm:StateFiling","elementconfig":{"infoname":"StateFiling","infolabel":"State","infotype":"d:text"},"label":"State [StateFiling]","type":["property"]},{"pseudonym":"cmm/editor/property/date","id":"lm:ApprovalStatus","elementconfig":{"infoname":"ApprovalStatus","infolabel":"Approval Status","infotype":"d:date"},"label":"Approval Status [ApprovalStatus]","type":["property"]}],"type":"{type}"}]</form-definition>
         <form-definition id="ContractTemplates">[{"elementconfig":{"label":"","appearance":"title"},"pseudonym":"cmm/editor/layout/1cols","label":"cmm.form-editor.palette.one-column","column":[{"pseudonym":"cmm/editor/property/text","id":"lm:TemplateStatus","elementconfig":{"infoname":"TemplateStatus","infolabel":"TemplateStatus","infotype":"d:text"},"label":"TemplateStatus [TemplateStatus]","type":["property"]},{"pseudonym":"cmm/editor/property/text","id":"lm:TemplateUsage","elementconfig":{"infoname":"TemplateUsage","infolabel":"Template Usage","infotype":"d:text"},"label":"Template Usage [TemplateUsage]","type":["property"]},{"pseudonym":"cmm/editor/property/text","id":"lm:TemplateType","elementconfig":{"infoname":"TemplateType","infolabel":"TemplateType","infotype":"d:text"},"label":"TemplateType [TemplateType]","type":["property"]},{"pseudonym":"cmm/editor/property/mltext","id":"lm:TemplateDescription","elementconfig":{"infoname":"TemplateDescription","infolabel":"Template Description","infotype":"d:mltext"},"label":"Template Description [TemplateDescription]","type":["property"]},{"pseudonym":"cmm/editor/property/text","id":"lm:TemplateId","elementconfig":{"infoname":"TemplateId","infolabel":"TemplateId","infotype":"d:text"},"label":"TemplateId [TemplateId]","type":["property"]},{"pseudonym":"cmm/editor/property/text","id":"lm:TemplateName","elementconfig":{"infoname":"TemplateName","infolabel":"TemplateName","infotype":"d:text"},"label":"TemplateName [TemplateName]","type":["property"]}],"type":"{type}"}]</form-definition>
         <form-definition id="Contracts">[{"elementconfig":{"label":"","appearance":"bordered-panel"},"pseudonym":"cmm/editor/layout/2cols","label":"cmm.form-editor.palette.two-column","type":["layout"],"column":[{"pseudonym":"cmm/editor/property/text","id":"lm:ContractNumber","elementconfig":{"infoname":"ContractNumber","infolabel":"Contract Number","infotype":"d:text"},"label":"Contract Number [ContractNumber]","type":["property"]},{"pseudonym":"cmm/editor/property/text","id":"lm:ContractName","elementconfig":{"infoname":"ContractName","infolabel":"Contract Name","infotype":"d:text"},"label":"Contract Name [ContractName]","type":["property"]},{"pseudonym":"cmm/editor/property/mltext","id":"lm:Description","elementconfig":{"infoname":"Description","infolabel":"Description","infotype":"d:mltext"},"label":"Description [Description]","type":["property"]},{"pseudonym":"cmm/editor/property/text","id":"lm:ContractType","elementconfig":{"infoname":"ContractType","infolabel":"Contract Type","infotype":"d:text"},"label":"Contract Type [ContractType]","type":["property"]},{"pseudonym":"cmm/editor/property/text","id":"lm:InternalParty","elementconfig":{"infoname":"InternalParty","infolabel":"Internal Party","infotype":"d:text"},"label":"Internal Party [InternalParty]","type":["property"]},{"pseudonym":"cmm/editor/property/text","id":"lm:ContractStatus","elementconfig":{"infoname":"ContractStatus","infolabel":"Contract Status","infotype":"d:text"},"label":"Contract Status [ContractStatus]","type":["property"]},{"pseudonym":"cmm/editor/property/text","id":"lm:ContractPriority","elementconfig":{"infoname":"ContractPriority","infolabel":"Contract Priority","infotype":"d:text"},"label":"Contract Priority [ContractPriority]","type":["property"]},{"pseudonym":"cmm/editor/property/double","id":"lm:ContractAmount","elementconfig":{"infoname":"ContractAmount","infolabel":"Contract Amount","infotype":"d:double"},"label":"Contract Amount [ContractAmount]","type":["property"]},{"pseudonym":"cmm/editor/property/date","id":"lm:ActualStartDate","elementconfig":{"infoname":"ActualStartDate","infolabel":"ActualStartDate","infotype":"d:date"},"label":"ActualStartDate [ActualStartDate]","type":["property"]},{"pseudonym":"cmm/editor/property/date","id":"lm:PlannedStartDate","elementconfig":{"infoname":"PlannedStartDate","infolabel":"Planned Start Date","infotype":"d:date"},"label":"Planned Start Date [PlannedStartDate]","type":["property"]},{"pseudonym":"cmm/editor/property/date","id":"lm:ExpiryDate","elementconfig":{"infoname":"ExpiryDate","infolabel":"ExpiryDate","infotype":"d:date"},"label":"ExpiryDate [ExpiryDate]","type":["property"]},{"pseudonym":"cmm/editor/property/text","id":"lm:Country","elementconfig":{"infoname":"Country","infolabel":"Country","infotype":"d:text"},"label":"Country [Country]","type":["property"]},{"pseudonym":"cmm/editor/property/text","id":"lm:Currency","elementconfig":{"infoname":"Currency","infolabel":"Curreny","infotype":"d:text"},"label":"Curreny [Currency]","type":["property"]},{"pseudonym":"cmm/editor/property/double","id":"lm:ContractTerm","elementconfig":{"infoname":"ContractTerm","infolabel":"ContractTerm","infotype":"d:double"},"label":"ContractTerm [ContractTerm]","type":["property"]},{"pseudonym":"cmm/editor/property/text","id":"lm:BusinessOwner","elementconfig":{"infoname":"BusinessOwner","infolabel":"Business Owner","infotype":"d:text"},"label":"Business Owner [BusinessOwner]","type":["property"]}]}]</form-definition>
      </config>

   </configurations>
</module>
