<?xml version='1.0' encoding='UTF-8'?>
<!DOCTYPE beans PUBLIC '-//SPRING//DTD BEAN//EN' 'http://www.springframework.org/dtd/spring-beans.dtd'>

<beans>

    <bean id="scheduledScriptActionSchedulerAccessor" class="org.alfresco.schedule.AlfrescoSchedulerAccessorBean">
        <property name="scheduler" ref="schedulerFactory"/>
        <property name="triggers">
            <list>
                <bean id="scheduledScriptActionTrigger" class="org.springframework.scheduling.quartz.CronTriggerFactoryBean">
                    <property name="cronExpression" value="${custom-scheduled-script.cronExpression}"/>
                    <property name="startDelay" value="${system.cronJob.startDelayMilliseconds}"/>
                    <property name="jobDetail" ref="scheduledScriptAction"/>
                </bean>
            </list>
        </property>
        <property name="enabled" value="${custom-scheduled-script.enabled}" />
    </bean>

    <bean id="scheduledScriptAction" class="org.springframework.scheduling.quartz.JobDetailFactoryBean">
        <property name="jobClass">
            <value>org.alfresco.repo.jscript.ExecuteScriptJob</value>
        </property>
        <property name="jobDataAsMap">
            <map>
                <entry key="scriptLocation">
                    <bean class="org.alfresco.repo.jscript.ClasspathScriptLocation">
                    <constructor-arg>
                        <value>alfresco/extension/scripts/scheduled/scheduled-script-action.js</value>
                    </constructor-arg>  
                    </bean>
                </entry>
                <entry key="scriptService">
                    <ref bean="ScriptService"/>
                </entry>
                <entry key="authenticationComponent">
                    <ref bean="authenticationComponent"/>
                </entry>
            </map>
        </property>
    </bean>

</beans>
